driverId,driverRef,forename,surname,nationality,url
1,"hamilton","Lewis","Hamilton","British","http://en.wikipedia.org/wiki/Lewis_Hamilton"
2,"heidfeld","Nick","Heidfeld","German","http://en.wikipedia.org/wiki/Nick_Heidfeld"
3,"rosberg","Nico","Rosberg","German","http://en.wikipedia.org/wiki/Nico_Rosberg"
4,"alonso","Fernando","Alonso","Spanish","http://en.wikipedia.org/wiki/Fernando_Alonso"
5,"kovalainen","Heikki","Kovalainen","Finnish","http://en.wikipedia.org/wiki/Heikki_Kovalainen"
6,"nakajima","Kazuki","Nakajima","Japanese","http://en.wikipedia.org/wiki/Kazuki_Nakajima"
7,"bourdais","Sébastien","Bourdais","French","http://en.wikipedia.org/wiki/S%C3%A9bastien_Bourdais"
8,"raikkonen","Kimi","Räikkönen","Finnish","http://en.wikipedia.org/wiki/Kimi_R%C3%A4ikk%C3%B6nen"
9,"kubica","Robert","Kubica","Polish","http://en.wikipedia.org/wiki/Robert_Kubica"
10,"glock","Timo","Glock","German","http://en.wikipedia.org/wiki/Timo_Glock"
11,"sato","Takuma","Sato","Japanese","http://en.wikipedia.org/wiki/Takuma_Sato"
12,"piquet_jr","Nelson","Piquet Jr.","Brazilian","http://en.wikipedia.org/wiki/Nelson_Piquet,_Jr."
13,"massa","Felipe","Massa","Brazilian","http://en.wikipedia.org/wiki/Felipe_Massa"
14,"coulthard","David","Coulthard","British","http://en.wikipedia.org/wiki/David_Coulthard"
15,"trulli","Jarno","Trulli","Italian","http://en.wikipedia.org/wiki/Jarno_Trulli"
16,"sutil","Adrian","Sutil","German","http://en.wikipedia.org/wiki/Adrian_Sutil"
17,"webber","Mark","Webber","Australian","http://en.wikipedia.org/wiki/Mark_Webber_(racing_driver)"
18,"button","Jenson","Button","British","http://en.wikipedia.org/wiki/Jenson_Button"
19,"davidson","Anthony","Davidson","British","http://en.wikipedia.org/wiki/Anthony_Davidson"
20,"vettel","Sebastian","Vettel","German","http://en.wikipedia.org/wiki/Sebastian_Vettel"
21,"fisichella","Giancarlo","Fisichella","Italian","http://en.wikipedia.org/wiki/Giancarlo_Fisichella"
22,"barrichello","Rubens","Barrichello","Brazilian","http://en.wikipedia.org/wiki/Rubens_Barrichello"
23,"ralf_schumacher","Ralf","Schumacher","German","http://en.wikipedia.org/wiki/Ralf_Schumacher"
24,"liuzzi","Vitantonio","Liuzzi","Italian","http://en.wikipedia.org/wiki/Vitantonio_Liuzzi"
25,"wurz","Alexander","Wurz","Austrian","http://en.wikipedia.org/wiki/Alexander_Wurz"
26,"speed","Scott","Speed","American","http://en.wikipedia.org/wiki/Scott_Speed"
27,"albers","Christijan","Albers","Dutch","http://en.wikipedia.org/wiki/Christijan_Albers"
28,"markus_winkelhock","Markus","Winkelhock","German","http://en.wikipedia.org/wiki/Markus_Winkelhock"
29,"yamamoto","Sakon","Yamamoto","Japanese","http://en.wikipedia.org/wiki/Sakon_Yamamoto"
30,"michael_schumacher","Michael","Schumacher","German","http://en.wikipedia.org/wiki/Michael_Schumacher"
31,"montoya","Juan","Pablo Montoya","Colombian","http://en.wikipedia.org/wiki/Juan_Pablo_Montoya"
32,"klien","Christian","Klien","Austrian","http://en.wikipedia.org/wiki/Christian_Klien"
33,"monteiro","Tiago","Monteiro","Portuguese","http://en.wikipedia.org/wiki/Tiago_Monteiro"
34,"ide","Yuji","Ide","Japanese","http://en.wikipedia.org/wiki/Yuji_Ide"
35,"villeneuve","Jacques","Villeneuve","Canadian","http://en.wikipedia.org/wiki/Jacques_Villeneuve"
36,"montagny","Franck","Montagny","French","http://en.wikipedia.org/wiki/Franck_Montagny"
37,"rosa","Pedro","de la Rosa","Spanish","http://en.wikipedia.org/wiki/Pedro_de_la_Rosa"
38,"doornbos","Robert","Doornbos","Dutch","http://en.wikipedia.org/wiki/Robert_Doornbos"
39,"karthikeyan","Narain","Karthikeyan","Indian","http://en.wikipedia.org/wiki/Narain_Karthikeyan"
40,"friesacher","Patrick","Friesacher","Austrian","http://en.wikipedia.org/wiki/Patrick_Friesacher"
41,"zonta","Ricardo","Zonta","Brazilian","http://en.wikipedia.org/wiki/Ricardo_Zonta"
42,"pizzonia","Antônio","Pizzonia","Brazilian","http://en.wikipedia.org/wiki/Ant%C3%B4nio_Pizzonia"
43,"matta","Cristiano","da Matta","Brazilian","http://en.wikipedia.org/wiki/Cristiano_da_Matta"
44,"panis","Olivier","Panis","French","http://en.wikipedia.org/wiki/Olivier_Panis"
45,"pantano","Giorgio","Pantano","Italian","http://en.wikipedia.org/wiki/Giorgio_Pantano"
46,"bruni","Gianmaria","Bruni","Italian","http://en.wikipedia.org/wiki/Gianmaria_Bruni"
47,"baumgartner","Zsolt","Baumgartner","Hungarian","http://en.wikipedia.org/wiki/Zsolt_Baumgartner"
48,"gene","Marc","Gené","Spanish","http://en.wikipedia.org/wiki/Marc_Gen%C3%A9"
49,"frentzen","Heinz-Harald","Frentzen","German","http://en.wikipedia.org/wiki/Heinz-Harald_Frentzen"
50,"verstappen","Jos","Verstappen","Dutch","http://en.wikipedia.org/wiki/Jos_Verstappen"
51,"wilson","Justin","Wilson","British","http://en.wikipedia.org/wiki/Justin_Wilson_(racing_driver)"
52,"firman","Ralph","Firman","Irish","http://en.wikipedia.org/wiki/Ralph_Firman"
53,"kiesa","Nicolas","Kiesa","Danish","http://en.wikipedia.org/wiki/Nicolas_Kiesa"
54,"burti","Luciano","Burti","Brazilian","http://en.wikipedia.org/wiki/Luciano_Burti"
55,"alesi","Jean","Alesi","French","http://en.wikipedia.org/wiki/Jean_Alesi"
56,"irvine","Eddie","Irvine","British","http://en.wikipedia.org/wiki/Eddie_Irvine"
57,"hakkinen","Mika","Häkkinen","Finnish","http://en.wikipedia.org/wiki/Mika_H%C3%A4kkinen"
58,"marques","Tarso","Marques","Brazilian","http://en.wikipedia.org/wiki/Tarso_Marques"
59,"bernoldi","Enrique","Bernoldi","Brazilian","http://en.wikipedia.org/wiki/Enrique_Bernoldi"
60,"mazzacane","Gastón","Mazzacane","Argentine","http://en.wikipedia.org/wiki/Gast%C3%B3n_Mazzacane"
61,"enge","Tomáš","Enge","Czech","http://en.wikipedia.org/wiki/Tom%C3%A1%C5%A1_Enge"
62,"yoong","Alex","Yoong","Malaysian","http://en.wikipedia.org/wiki/Alex_Yoong"
63,"salo","Mika","Salo","Finnish","http://en.wikipedia.org/wiki/Mika_Salo"
64,"diniz","Pedro","Diniz","Brazilian","http://en.wikipedia.org/wiki/Pedro_Diniz"
65,"herbert","Johnny","Herbert","British","http://en.wikipedia.org/wiki/Johnny_Herbert"
66,"mcnish","Allan","McNish","British","http://en.wikipedia.org/wiki/Allan_McNish"
67,"buemi","Sébastien","Buemi","Swiss","http://en.wikipedia.org/wiki/S%C3%A9bastien_Buemi"
68,"takagi","Toranosuke","Takagi","Japanese","http://en.wikipedia.org/wiki/Toranosuke_Takagi"
69,"badoer","Luca","Badoer","Italian","http://en.wikipedia.org/wiki/Luca_Badoer"
70,"zanardi","Alessandro","Zanardi","Italian","http://en.wikipedia.org/wiki/Alex_Zanardi"
71,"damon_hill","Damon","Hill","British","http://en.wikipedia.org/wiki/Damon_Hill"
72,"sarrazin","Stéphane","Sarrazin","French","http://en.wikipedia.org/wiki/St%C3%A9phane_Sarrazin"
73,"rosset","Ricardo","Rosset","Brazilian","http://en.wikipedia.org/wiki/Ricardo_Rosset"
74,"tuero","Esteban","Tuero","Argentine","http://en.wikipedia.org/wiki/Esteban_Tuero"
75,"nakano","Shinji","Nakano","Japanese","http://en.wikipedia.org/wiki/Shinji_Nakano"
76,"magnussen","Jan","Magnussen","Danish","http://en.wikipedia.org/wiki/Jan_Magnussen"
77,"berger","Gerhard","Berger","Austrian","http://en.wikipedia.org/wiki/Gerhard_Berger"
78,"larini","Nicola","Larini","Italian","http://en.wikipedia.org/wiki/Nicola_Larini"
79,"katayama","Ukyo","Katayama","Japanese","http://en.wikipedia.org/wiki/Ukyo_Katayama"
80,"sospiri","Vincenzo","Sospiri","Italian","http://en.wikipedia.org/wiki/Vincenzo_Sospiri"
81,"morbidelli","Gianni","Morbidelli","Italian","http://en.wikipedia.org/wiki/Gianni_Morbidelli"
82,"fontana","Norberto","Fontana","Argentine","http://en.wikipedia.org/wiki/Norberto_Fontana"
83,"lamy","Pedro","Lamy","Portuguese","http://en.wikipedia.org/wiki/Pedro_Lamy"
84,"brundle","Martin","Brundle","British","http://en.wikipedia.org/wiki/Martin_Brundle"
85,"montermini","Andrea","Montermini","Italian","http://en.wikipedia.org/wiki/Andrea_Montermini"
86,"lavaggi","Giovanni","Lavaggi","Italian","http://en.wikipedia.org/wiki/Giovanni_Lavaggi"
87,"blundell","Mark","Blundell","British","http://en.wikipedia.org/wiki/Mark_Blundell"
88,"suzuki","Aguri","Suzuki","Japanese","http://en.wikipedia.org/wiki/Aguri_Suzuki"
89,"inoue","Taki","Inoue","Japanese","http://en.wikipedia.org/wiki/Taki_Inoue"
90,"moreno","Roberto","Moreno","Brazilian","http://en.wikipedia.org/wiki/Roberto_Moreno"
91,"wendlinger","Karl","Wendlinger","Austrian","http://en.wikipedia.org/wiki/Karl_Wendlinger"
92,"gachot","Bertrand","Gachot","Belgian","http://en.wikipedia.org/wiki/Bertrand_Gachot"
93,"schiattarella","Domenico","Schiattarella","Italian","http://en.wikipedia.org/wiki/Domenico_Schiattarella"
94,"martini","Pierluigi","Martini","Italian","http://en.wikipedia.org/wiki/Pierluigi_Martini"
95,"mansell","Nigel","Mansell","British","http://en.wikipedia.org/wiki/Nigel_Mansell"
96,"boullion","Jean-Christophe","Boullion","French","http://en.wikipedia.org/wiki/Jean-Christophe_Boullion"
97,"papis","Massimiliano","Papis","Italian","http://en.wikipedia.org/wiki/Massimiliano_Papis"
98,"deletraz","Jean-Denis","Délétraz","Swiss","http://en.wikipedia.org/wiki/Jean-Denis_Deletraz"
99,"tarquini","Gabriele","Tarquini","Italian","http://en.wikipedia.org/wiki/Gabriele_Tarquini"
100,"comas","Érik","Comas","French","http://en.wikipedia.org/wiki/%C3%89rik_Comas"
101,"brabham","David","Brabham","Australian","http://en.wikipedia.org/wiki/David_Brabham"
102,"senna","Ayrton","Senna","Brazilian","http://en.wikipedia.org/wiki/Ayrton_Senna"
103,"bernard","Éric","Bernard","French","http://en.wikipedia.org/wiki/%C3%89ric_Bernard"
104,"fittipaldi","Christian","Fittipaldi","Brazilian","http://en.wikipedia.org/wiki/Christian_Fittipaldi"
105,"alboreto","Michele","Alboreto","Italian","http://en.wikipedia.org/wiki/Michele_Alboreto"
106,"beretta","Olivier","Beretta","Monegasque","http://en.wikipedia.org/wiki/Olivier_Beretta"
107,"ratzenberger","Roland","Ratzenberger","Austrian","http://en.wikipedia.org/wiki/Roland_Ratzenberger"
108,"belmondo","Paul","Belmondo","French","http://en.wikipedia.org/wiki/Paul_Belmondo"
109,"lehto","Jyrki","Järvilehto","Finnish","http://en.wikipedia.org/wiki/Jyrki_J%C3%A4rvilehto"
110,"cesaris","Andrea","de Cesaris","Italian","http://en.wikipedia.org/wiki/Andrea_de_Cesaris"
111,"gounon","Jean-Marc","Gounon","French","http://en.wikipedia.org/wiki/Jean-Marc_Gounon"
112,"alliot","Philippe","Alliot","French","http://en.wikipedia.org/wiki/Philippe_Alliot"
113,"adams","Philippe","Adams","Belgian","http://en.wikipedia.org/wiki/Philippe_Adams"
114,"dalmas","Yannick","Dalmas","French","http://en.wikipedia.org/wiki/Yannick_Dalmas"
115,"noda","Hideki","Noda","Japanese","http://en.wikipedia.org/wiki/Hideki_Noda"
116,"lagorce","Franck","Lagorce","French","http://en.wikipedia.org/wiki/Franck_Lagorce"
117,"prost","Alain","Prost","French","http://en.wikipedia.org/wiki/Alain_Prost"
118,"warwick","Derek","Warwick","British","http://en.wikipedia.org/wiki/Derek_Warwick"
119,"patrese","Riccardo","Patrese","Italian","http://en.wikipedia.org/wiki/Riccardo_Patrese"
120,"barbazza","Fabrizio","Barbazza","Italian","http://en.wikipedia.org/wiki/Fabrizio_Barbazza"
121,"andretti","Michael","Andretti","American","http://en.wikipedia.org/wiki/Michael_Andretti"
122,"capelli","Ivan","Capelli","Italian","http://en.wikipedia.org/wiki/Ivan_Capelli"
123,"boutsen","Thierry","Boutsen","Belgian","http://en.wikipedia.org/wiki/Thierry_Boutsen"
124,"apicella","Marco","Apicella","Italian","http://en.wikipedia.org/wiki/Marco_Apicella"
125,"naspetti","Emanuele","Naspetti","Italian","http://en.wikipedia.org/wiki/Emanuele_Naspetti"
126,"toshio_suzuki","Toshio","Suzuki","Japanese","http://en.wikipedia.org/wiki/Toshio_Suzuki_(driver)"
127,"gugelmin","Maurício","Gugelmin","Brazilian","http://en.wikipedia.org/wiki/Maur%C3%ADcio_Gugelmin"
128,"poele","Eric","van de Poele","Belgian","http://en.wikipedia.org/wiki/Eric_van_de_Poele"
129,"grouillard","Olivier","Grouillard","French","http://en.wikipedia.org/wiki/Olivier_Grouillard"
130,"chiesa","Andrea","Chiesa","Swiss","http://en.wikipedia.org/wiki/Andrea_Chiesa"
131,"modena","Stefano","Modena","Italian","http://en.wikipedia.org/wiki/Stefano_Modena"
132,"amati","Giovanna","Amati","Italian","http://en.wikipedia.org/wiki/Giovanna_Amati"
133,"caffi","Alex","Caffi","Italian","http://en.wikipedia.org/wiki/Alex_Caffi"
134,"bertaggia","Enrico","Bertaggia","Italian","http://en.wikipedia.org/wiki/Enrico_Bertaggia"
135,"mccarthy","Perry","McCarthy","British","http://en.wikipedia.org/wiki/Perry_McCarthy"
136,"lammers","Jan","Lammers","Dutch","http://en.wikipedia.org/wiki/Jan_Lammers"
137,"piquet","Nelson","Piquet","Brazilian","http://en.wikipedia.org/wiki/Nelson_Piquet"
138,"satoru_nakajima","Satoru","Nakajima","Japanese","http://en.wikipedia.org/wiki/Satoru_Nakajima"
139,"pirro","Emanuele","Pirro","Italian","http://en.wikipedia.org/wiki/Emanuele_Pirro"
140,"johansson","Stefan","Johansson","Swedish","http://en.wikipedia.org/wiki/Stefan_Johansson"
141,"bailey","Julian","Bailey","British","http://en.wikipedia.org/wiki/Julian_Bailey"
142,"chaves","Pedro","Chaves","Portuguese","http://en.wikipedia.org/wiki/Pedro_Chaves"
143,"bartels","Michael","Bartels","German","http://en.wikipedia.org/wiki/Michael_Bartels"
144,"hattori","Naoki","Hattori","Japanese","http://en.wikipedia.org/wiki/Naoki_Hattori"
145,"nannini","Alessandro","Nannini","Italian","http://en.wikipedia.org/wiki/Alessandro_Nannini"
146,"schneider","Bernd","Schneider","German","http://en.wikipedia.org/wiki/Bernd_Schneider_(racecar_driver)"
147,"barilla","Paolo","Barilla","Italian","http://en.wikipedia.org/wiki/Paolo_Barilla"
148,"foitek","Gregor","Foitek","Swiss","http://en.wikipedia.org/wiki/Gregor_Foitek"
149,"langes","Claudio","Langes","Italian","http://en.wikipedia.org/wiki/Claudio_Langes"
150,"gary_brabham","Gary","Brabham","Australian","http://en.wikipedia.org/wiki/Gary_Brabham"
151,"donnelly","Martin","Donnelly","British","http://en.wikipedia.org/wiki/Martin_Donnelly_(racing_driver)"
152,"giacomelli","Bruno","Giacomelli","Italian","http://en.wikipedia.org/wiki/Bruno_Giacomelli"
153,"alguersuari","Jaime","Alguersuari","Spanish","http://en.wikipedia.org/wiki/Jaime_Alguersuari"
154,"grosjean","Romain","Grosjean","French","http://en.wikipedia.org/wiki/Romain_Grosjean"
155,"kobayashi","Kamui","Kobayashi","Japanese","http://en.wikipedia.org/wiki/Kamui_Kobayashi"
156,"palmer","Jonathan","Palmer","British","http://en.wikipedia.org/wiki/Jonathan_Palmer"
157,"danner","Christian","Danner","German","http://en.wikipedia.org/wiki/Christian_Danner"
158,"cheever","Eddie","Cheever","American","http://en.wikipedia.org/wiki/Eddie_Cheever"
159,"sala","Luis","Pérez-Sala","Spanish","http://en.wikipedia.org/wiki/Luis_Perez-Sala"
160,"ghinzani","Piercarlo","Ghinzani","Italian","http://en.wikipedia.org/wiki/Piercarlo_Ghinzani"
161,"weidler","Volker","Weidler","German","http://en.wikipedia.org/wiki/Volker_Weidler"
162,"raphanel","Pierre-Henri","Raphanel","French","http://en.wikipedia.org/wiki/Pierre-Henri_Raphanel"
163,"arnoux","René","Arnoux","French","http://en.wikipedia.org/wiki/Ren%C3%A9_Arnoux"
164,"joachim_winkelhock","Joachim","Winkelhock","German","http://en.wikipedia.org/wiki/Joachim_Winkelhock"
165,"larrauri","Oscar","Larrauri","Argentine","http://en.wikipedia.org/wiki/Oscar_Larrauri"
166,"streiff","Philippe","Streiff","French","http://en.wikipedia.org/wiki/Philippe_Streiff"
167,"campos","Adrián","Campos","Spanish","http://en.wikipedia.org/wiki/Adri%C3%A1n_Campos"
168,"schlesser","Jean-Louis","Schlesser","French","http://en.wikipedia.org/wiki/Jean-Louis_Schlesser"
169,"fabre","Pascal","Fabre","French","http://en.wikipedia.org/wiki/Pascal_Fabre"
170,"fabi","Teo","Fabi","Italian","http://en.wikipedia.org/wiki/Teo_Fabi"
171,"forini","Franco","Forini","Swiss","http://en.wikipedia.org/wiki/Franco_Forini"
172,"laffite","Jacques","Laffite","French","http://en.wikipedia.org/wiki/Jacques_Laffite"
173,"angelis","Elio","de Angelis","Italian","http://en.wikipedia.org/wiki/Elio_de_Angelis"
174,"dumfries","Johnny","Dumfries","British","http://en.wikipedia.org/wiki/Johnny_Dumfries"
175,"tambay","Patrick","Tambay","French","http://en.wikipedia.org/wiki/Patrick_Tambay"
176,"surer","Marc","Surer","Swiss","http://en.wikipedia.org/wiki/Marc_Surer"
177,"keke_rosberg","Keke","Rosberg","Finnish","http://en.wikipedia.org/wiki/Keke_Rosberg"
178,"jones","Alan","Jones","Australian","http://en.wikipedia.org/wiki/Alan_Jones_(Formula_1)"
179,"rothengatter","Huub","Rothengatter","Dutch","http://en.wikipedia.org/wiki/Huub_Rothengatter"
180,"berg","Allen","Berg","Canadian","http://en.wikipedia.org/wiki/Allen_Berg"
181,"manfred_winkelhock","Manfred","Winkelhock","German","http://en.wikipedia.org/wiki/Manfred_Winkelhock"
182,"lauda","Niki","Lauda","Austrian","http://en.wikipedia.org/wiki/Niki_Lauda"
183,"hesnault","François","Hesnault","French","http://en.wikipedia.org/wiki/Fran%C3%A7ois_Hesnault"
184,"baldi","Mauro","Baldi","Italian","http://en.wikipedia.org/wiki/Mauro_Baldi"
185,"bellof","Stefan","Bellof","German","http://en.wikipedia.org/wiki/Stefan_Bellof"
186,"acheson","Kenny","Acheson","British","http://en.wikipedia.org/wiki/Kenny_Acheson"
187,"watson","John","Watson","British","http://en.wikipedia.org/wiki/John_Watson_(racing_driver)"
188,"cecotto","Johnny","Cecotto","Venezuelan","http://en.wikipedia.org/wiki/Johnny_Cecotto"
189,"gartner","Jo","Gartner","Austrian","http://en.wikipedia.org/wiki/Jo_Gartner"
190,"corrado_fabi","Corrado","Fabi","Italian","http://en.wikipedia.org/wiki/Corrado_Fabi"
191,"thackwell","Mike","Thackwell","New Zealander","http://en.wikipedia.org/wiki/Mike_Thackwell"
192,"serra","Chico","Serra","Brazilian","http://en.wikipedia.org/wiki/Chico_Serra"
193,"sullivan","Danny","Sullivan","American","http://en.wikipedia.org/wiki/Danny_Sullivan"
194,"salazar","Eliseo","Salazar","Chilean","http://en.wikipedia.org/wiki/Eliseo_Salazar"
195,"guerrero","Roberto","Guerrero","Colombian","http://en.wikipedia.org/wiki/Roberto_Guerrero"
196,"boesel","Raul","Boesel","Brazilian","http://en.wikipedia.org/wiki/Raul_Boesel"
197,"jarier","Jean-Pierre","Jarier","French","http://en.wikipedia.org/wiki/Jean-Pierre_Jarier"
198,"villeneuve_sr","Jacques","Villeneuve Sr.","Canadian","http://en.wikipedia.org/wiki/Jacques_Villeneuve_(elder)"
199,"reutemann","Carlos","Reutemann","Argentine","http://en.wikipedia.org/wiki/Carlos_Reutemann"
200,"mass","Jochen","Mass","German","http://en.wikipedia.org/wiki/Jochen_Mass"
201,"borgudd","Slim","Borgudd","Swedish","http://en.wikipedia.org/wiki/Slim_Borgudd"
202,"pironi","Didier","Pironi","French","http://en.wikipedia.org/wiki/Didier_Pironi"
203,"gilles_villeneuve","Gilles","Villeneuve","Canadian","http://en.wikipedia.org/wiki/Gilles_Villeneuve"
204,"paletti","Riccardo","Paletti","Italian","http://en.wikipedia.org/wiki/Riccardo_Paletti"
205,"henton","Brian","Henton","British","http://en.wikipedia.org/wiki/Brian_Henton"
206,"daly","Derek","Daly","Irish","http://en.wikipedia.org/wiki/Derek_Daly"
207,"mario_andretti","Mario","Andretti","American","http://en.wikipedia.org/wiki/Mario_Andretti"
208,"villota","Emilio","de Villota","Spanish","http://en.wikipedia.org/wiki/Emilio_de_Villota"
209,"lees","Geoff","Lees","British","http://en.wikipedia.org/wiki/Geoff_Lees"
210,"byrne","Tommy","Byrne","Irish","http://en.wikipedia.org/wiki/Tommy_Byrne_%28racing_driver%29"
211,"keegan","Rupert","Keegan","British","http://en.wikipedia.org/wiki/Rupert_Keegan"
212,"rebaque","Hector","Rebaque","Mexican","http://en.wikipedia.org/wiki/Hector_Rebaque"
213,"gabbiani","Beppe","Gabbiani","Italian","http://en.wikipedia.org/wiki/Beppe_Gabbiani"
214,"cogan","Kevin","Cogan","American","http://en.wikipedia.org/wiki/Kevin_Cogan"
215,"guerra","Miguel Ángel","Guerra","Argentine","http://en.wikipedia.org/wiki/Miguel_Angel_Guerra"
216,"stohr","Siegfried","Stohr","Italian","http://en.wikipedia.org/wiki/Siegfried_Stohr"
217,"zunino","Ricardo","Zunino","Argentine","http://en.wikipedia.org/wiki/Ricardo_Zunino"
218,"londono","Ricardo","Londoño","Colombian","http://en.wikipedia.org/wiki/Ricardo_Londo%C3%B1o"
219,"jabouille","Jean-Pierre","Jabouille","French","http://en.wikipedia.org/wiki/Jean-Pierre_Jabouille"
220,"francia","Giorgio","Francia","Italian","http://en.wikipedia.org/wiki/Giorgio_Francia"
221,"depailler","Patrick","Depailler","French","http://en.wikipedia.org/wiki/Patrick_Depailler"
222,"scheckter","Jody","Scheckter","South African","http://en.wikipedia.org/wiki/Jody_Scheckter"
223,"regazzoni","Clay","Regazzoni","Swiss","http://en.wikipedia.org/wiki/Clay_Regazzoni"
224,"emerson_fittipaldi","Emerson","Fittipaldi","Brazilian","http://en.wikipedia.org/wiki/Emerson_Fittipaldi"
225,"kennedy","Dave","Kennedy","Irish","http://en.wikipedia.org/wiki/David_Kennedy_(racing_driver)"
226,"south","Stephen","South","British","http://en.wikipedia.org/wiki/Stephen_South"
227,"needell","Tiff","Needell","British","http://en.wikipedia.org/wiki/Tiff_Needell"
228,"desire_wilson","Desiré","Wilson","South African","http://en.wikipedia.org/wiki/Desir%C3%A9_Wilson"
229,"ertl","Harald","Ertl","Austrian","http://en.wikipedia.org/wiki/Harald_Ertl"
230,"brambilla","Vittorio","Brambilla","Italian","http://en.wikipedia.org/wiki/Vittorio_Brambilla"
231,"hunt","James","Hunt","British","http://en.wikipedia.org/wiki/James_Hunt"
232,"merzario","Arturo","Merzario","Italian","http://en.wikipedia.org/wiki/Arturo_Merzario"
233,"stuck","Hans-Joachim","Stuck","German","http://en.wikipedia.org/wiki/Hans_Joachim_Stuck"
234,"brancatelli","Gianfranco","Brancatelli","Italian","http://en.wikipedia.org/wiki/Gianfranco_Brancatelli"
235,"ickx","Jacky","Ickx","Belgian","http://en.wikipedia.org/wiki/Jacky_Ickx"
236,"gaillard","Patrick","Gaillard","French","http://en.wikipedia.org/wiki/Patrick_Gaillard"
237,"ribeiro","Alex","Ribeiro","Brazilian","http://en.wikipedia.org/wiki/Alex_Ribeiro"
238,"peterson","Ronnie","Peterson","Swedish","http://en.wikipedia.org/wiki/Ronnie_Peterson"
239,"lunger","Brett","Lunger","American","http://en.wikipedia.org/wiki/Brett_Lunger"
240,"ongais","Danny","Ongais","American","http://en.wikipedia.org/wiki/Danny_Ongais"
241,"leoni","Lamberto","Leoni","Italian","http://en.wikipedia.org/wiki/Lamberto_Leoni"
242,"galica","Divina","Galica","British","http://en.wikipedia.org/wiki/Divina_Galica"
243,"stommelen","Rolf","Stommelen","German","http://en.wikipedia.org/wiki/Rolf_Stommelen"
244,"colombo","Alberto","Colombo","Italian","http://en.wikipedia.org/wiki/Alberto_Colombo"
245,"trimmer","Tony","Trimmer","British","http://en.wikipedia.org/wiki/Tony_Trimmer"
246,"binder","Hans","Binder","Austrian","http://en.wikipedia.org/wiki/Hans_Binder"
247,"bleekemolen","Michael","Bleekemolen","Dutch","http://en.wikipedia.org/wiki/Michael_Bleekemolen"
248,"gimax","Carlo","Franchi","Italian","http://en.wikipedia.org/wiki/Gimax"
249,"rahal","Bobby","Rahal","American","http://en.wikipedia.org/wiki/Bobby_Rahal"
250,"pace","Carlos","Pace","Brazilian","http://en.wikipedia.org/wiki/Carlos_Pace"
251,"ian_scheckter","Ian","Scheckter","South African","http://en.wikipedia.org/wiki/Ian_Scheckter"
252,"pryce","Tom","Pryce","British","http://en.wikipedia.org/wiki/Tom_Pryce"
253,"hoffmann","Ingo","Hoffmann","Brazilian","http://en.wikipedia.org/wiki/Ingo_Hoffmann"
254,"zorzi","Renzo","Zorzi","Italian","http://en.wikipedia.org/wiki/Renzo_Zorzi"
255,"nilsson","Gunnar","Nilsson","Swedish","http://en.wikipedia.org/wiki/Gunnar_Nilsson"
256,"perkins","Larry","Perkins","Australian","http://en.wikipedia.org/wiki/Larry_Perkins"
257,"hayje","Boy","Lunger","Dutch","http://en.wikipedia.org/wiki/Boy_Hayje"
258,"neve","Patrick","Nève","Belgian","http://en.wikipedia.org/wiki/Patrick_Neve"
259,"purley","David","Purley","British","http://en.wikipedia.org/wiki/David_Purley"
260,"andersson","Conny","Andersson","Swedish","http://en.wikipedia.org/wiki/Conny_Andersson_(racing_driver)"
261,"dryver","Bernard","de Dryver","Belgian","http://en.wikipedia.org/wiki/Bernard_de_Dryver"
262,"oliver","Jackie","Oliver","British","http://en.wikipedia.org/wiki/Jackie_Oliver"
263,"kozarowitzky","Mikko","Kozarowitzky","Finnish","http://en.wikipedia.org/wiki/Mikko_Kozarowitzky"
264,"sutcliffe","Andy","Sutcliffe","British","http://en.wikipedia.org/wiki/Andy_Sutcliffe"
265,"edwards","Guy","Edwards","British","http://en.wikipedia.org/wiki/Guy_Edwards"
266,"mcguire","Brian","McGuire","Australian","http://en.wikipedia.org/wiki/Brian_McGuire"
267,"schuppan","Vern","Schuppan","Australian","http://en.wikipedia.org/wiki/Vern_Schuppan"
268,"heyer","Hans","Heyer","German","http://en.wikipedia.org/wiki/Hans_Heyer"
269,"pilette","Teddy","Pilette","Belgian","http://en.wikipedia.org/wiki/Teddy_Pilette"
270,"ashley","Ian","Ashley","British","http://en.wikipedia.org/wiki/Ian_Ashley"
271,"kessel","Loris","Kessel","Swiss","http://en.wikipedia.org/wiki/Loris_Kessel"
272,"takahashi","Kunimitsu","Takahashi","Japanese","http://en.wikipedia.org/wiki/Kunimitsu_Takahashi"
273,"hoshino","Kazuyoshi","Hoshino","Japanese","http://en.wikipedia.org/wiki/Kazuyoshi_Hoshino"
274,"takahara","Noritake","Takahara","Japanese","http://en.wikipedia.org/wiki/Noritake_Takahara"
275,"lombardi","Lella","Lombardi","Italian","http://en.wikipedia.org/wiki/Lella_Lombardi"
276,"evans","Bob","Evans","British","http://en.wikipedia.org/wiki/Bob_Evans_(race_driver)"
277,"leclere","Michel","Leclère","French","http://en.wikipedia.org/wiki/Michel_Lecl%C3%A8re"
278,"amon","Chris","Amon","New Zealander","http://en.wikipedia.org/wiki/Chris_Amon"
279,"zapico","Emilio","Zapico","Spanish","http://en.wikipedia.org/wiki/Emilio_Zapico"
280,"pescarolo","Henri","Pescarolo","French","http://en.wikipedia.org/wiki/Henri_Pescarolo"
281,"nelleman","Jac","Nelleman","Danish","http://en.wikipedia.org/wiki/Jac_Nelleman"
282,"magee","Damien","Magee","British","http://en.wikipedia.org/wiki/Damien_Magee"
283,"wilds","Mike","Wilds","British","http://en.wikipedia.org/wiki/Mike_Wilds"
284,"pesenti_rossi","Alessandro","Pesenti-Rossi","Italian","http://en.wikipedia.org/wiki/Alessandro_Pesenti-Rossi"
285,"stuppacher","Otto","Stuppacher","Austrian","http://en.wikipedia.org/wiki/Otto_Stuppacher"
286,"brown","Warwick","Brown","Australian","http://en.wikipedia.org/wiki/Warwick_Brown"
287,"hasemi","Masahiro","Hasemi","Japanese","http://en.wikipedia.org/wiki/Masahiro_Hasemi"
288,"donohue","Mark","Donohue","American","http://en.wikipedia.org/wiki/Mark_Donohue"
289,"hill","Graham","Hill","British","http://en.wikipedia.org/wiki/Graham_Hill"
290,"wilson_fittipaldi","Wilson","Fittipaldi","Brazilian","http://en.wikipedia.org/wiki/Wilson_Fittipaldi"
291,"tunmer","Guy","Tunmer","South African","http://en.wikipedia.org/wiki/Guy_Tunmer"
292,"keizan","Eddie","Keizan","South African","http://en.wikipedia.org/wiki/Eddie_Keizan"
293,"charlton","Dave","Charlton","South African","http://en.wikipedia.org/wiki/Dave_Charlton"
294,"brise","Tony","Brise","British","http://en.wikipedia.org/wiki/Tony_Brise"
295,"wunderink","Roelof","Wunderink","Dutch","http://en.wikipedia.org/wiki/Roelof_Wunderink"
296,"migault","François","Migault","French","http://en.wikipedia.org/wiki/Fran%C3%A7ois_Migault"
297,"palm","Torsten","Palm","Swedish","http://en.wikipedia.org/wiki/Torsten_Palm"
298,"lennep","Gijs","van Lennep","Dutch","http://en.wikipedia.org/wiki/Gijs_Van_Lennep"
299,"fushida","Hiroshi","Fushida","Japanese","http://en.wikipedia.org/wiki/Hiroshi_Fushida"
300,"nicholson","John","Nicholson","New Zealander","http://en.wikipedia.org/wiki/John_Nicholson_(racing_driver)"
301,"morgan","Dave","Morgan","British","http://en.wikipedia.org/wiki/Dave_Morgan_(racing_driver)"
302,"crawford","Jim","Crawford","British","http://en.wikipedia.org/wiki/Jim_Crawford_(driver)"
303,"vonlanthen","Jo","Vonlanthen","Swiss","http://en.wikipedia.org/wiki/Jo_Vonlanthen"
304,"hulme","Denny","Hulme","New Zealander","http://en.wikipedia.org/wiki/Denny_Hulme"
305,"hailwood","Mike","Hailwood","British","http://en.wikipedia.org/wiki/Mike_Hailwood"
306,"beltoise","Jean-Pierre","Beltoise","French","http://en.wikipedia.org/wiki/Jean-Pierre_Beltoise"
307,"ganley","Howden","Ganley","New Zealander","http://en.wikipedia.org/wiki/Howden_Ganley"
308,"robarts","Richard","Robarts","British","http://en.wikipedia.org/wiki/Richard_Robarts"
309,"revson","Peter","Revson","American","http://en.wikipedia.org/wiki/Peter_Revson"
310,"driver","Paddy","Driver","South African","http://en.wikipedia.org/wiki/Paddy_Driver"
311,"belso","Tom","Belsø","Danish","http://en.wikipedia.org/wiki/Tom_Bels%C3%B8"
312,"redman","Brian","Redman","British","http://en.wikipedia.org/wiki/Brian_Redman"
313,"opel","Rikky","von Opel","Liechtensteiner","http://en.wikipedia.org/wiki/Rikky_von_Opel"
314,"schenken","Tim","Schenken","Australian","http://en.wikipedia.org/wiki/Tim_Schenken"
315,"larrousse","Gérard","Larrousse","French","http://en.wikipedia.org/wiki/G%C3%A9rard_Larrousse"
316,"kinnunen","Leo","Kinnunen","Finnish","http://en.wikipedia.org/wiki/Leo_Kinnunen"
317,"wisell","Reine","Wisell","Swedish","http://en.wikipedia.org/wiki/Reine_Wisell"
318,"roos","Bertil","Roos","Swedish","http://en.wikipedia.org/wiki/Bertil_Roos"
319,"dolhem","José","Dolhem","French","http://en.wikipedia.org/wiki/Jos%C3%A9_Dolhem"
320,"gethin","Peter","Gethin","British","http://en.wikipedia.org/wiki/Peter_Gethin"
321,"bell","Derek","Bell","British","http://en.wikipedia.org/wiki/Derek_Bell_(auto_racer)"
322,"hobbs","David","Hobbs","British","http://en.wikipedia.org/wiki/David_Hobbs_(racing_driver)"
323,"quester","Dieter","Quester","Austrian","http://en.wikipedia.org/wiki/Dieter_Quester"
324,"koinigg","Helmuth","Koinigg","Austrian","http://en.wikipedia.org/wiki/Helmuth_Koinigg"
325,"facetti","Carlo","Facetti","Italian","http://en.wikipedia.org/wiki/Carlo_Facetti"
326,"wietzes","Eppie","Wietzes","Canadian","http://en.wikipedia.org/wiki/Eppie_Wietzes"
327,"cevert","François","Cevert","French","http://en.wikipedia.org/wiki/Fran%C3%A7ois_Cevert"
328,"stewart","Jackie","Stewart","British","http://en.wikipedia.org/wiki/Jackie_Stewart"
329,"beuttler","Mike","Beuttler","British","http://en.wikipedia.org/wiki/Mike_Beuttler"
330,"galli","Nanni","Galli","Italian","http://en.wikipedia.org/wiki/Nanni_Galli"
331,"bueno","Luiz","Bueno","Brazilian","http://en.wikipedia.org/wiki/Luiz_Bueno"
332,"follmer","George","Follmer","American","http://en.wikipedia.org/wiki/George_Follmer"
333,"adamich","Andrea","de Adamich","Italian","http://en.wikipedia.org/wiki/Andrea_de_Adamich"
334,"pretorius","Jackie","Pretorius","South African","http://en.wikipedia.org/wiki/Jackie_Pretorius"
335,"williamson","Roger","Williamson","British","http://en.wikipedia.org/wiki/Roger_Williamson"
336,"mcrae","Graham","McRae","New Zealander","http://en.wikipedia.org/wiki/Graham_McRae"
337,"marko","Helmut","Marko","Austrian","http://en.wikipedia.org/wiki/Helmut_Marko"
338,"walker","David","Walker","Australian","http://en.wikipedia.org/wiki/David_Walker_(racing_driver)"
339,"roig","Alex","Soler-Roig","Spanish","http://en.wikipedia.org/wiki/Alex_Soler-Roig"
340,"love","John","Love","Rhodesian","http://en.wikipedia.org/wiki/John_Love_(racing_driver)"
341,"surtees","John","Surtees","British","http://en.wikipedia.org/wiki/John_Surtees"
342,"barber","Skip","Barber","American","http://en.wikipedia.org/wiki/Skip_Barber"
343,"brack","Bill","Brack","Canadian","http://en.wikipedia.org/wiki/Bill_Brack"
344,"posey","Sam","Posey","American","http://en.wikipedia.org/wiki/Sam_Posey"
345,"rodriguez","Pedro","Rodríguez","Mexican","http://en.wikipedia.org/wiki/Pedro_Rodr%C3%ADguez_(racing_driver)"
346,"siffert","Jo","Siffert","Swiss","http://en.wikipedia.org/wiki/Jo_Siffert"
347,"bonnier","Jo","Bonnier","Swedish","http://en.wikipedia.org/wiki/Joakim_Bonnier"
348,"mazet","François","Mazet","French","http://en.wikipedia.org/wiki/Fran%C3%A7ois_Mazet"
349,"jean","Max","Jean","French","http://en.wikipedia.org/wiki/Max_Jean"
350,"elford","Vic","Elford","British","http://en.wikipedia.org/wiki/Vic_Elford"
351,"moser","Silvio","Moser","Swiss","http://en.wikipedia.org/wiki/Silvio_Moser"
352,"eaton","George","Eaton","Canadian","http://en.wikipedia.org/wiki/George_Eaton"
353,"lovely","Pete","Lovely","American","http://en.wikipedia.org/wiki/Pete_Lovely"
354,"craft","Chris","Craft","British","http://en.wikipedia.org/wiki/Chris_Craft_(racing_driver)"
355,"Cannoc","John","Cannon","Canadian","http://en.wikipedia.org/wiki/John_Cannon_(auto_racer)"
356,"jack_brabham","Jack","Brabham","Australian","http://en.wikipedia.org/wiki/Jack_Brabham"
357,"miles","John","Miles","British","http://en.wikipedia.org/wiki/John_Miles_(auto_racer)"
358,"rindt","Jochen","Rindt","Austrian","http://en.wikipedia.org/wiki/Jochen_Rindt"
359,"gavin","Johnny","Servoz-Gavin","French","http://en.wikipedia.org/wiki/Johnny_Servoz-Gavin"
360,"mclaren","Bruce","McLaren","New Zealander","http://en.wikipedia.org/wiki/Bruce_McLaren"
361,"courage","Piers","Courage","British","http://en.wikipedia.org/wiki/Piers_Courage"
362,"klerk","Peter","de Klerk","South African","http://en.wikipedia.org/wiki/Peter_de_Klerk"
363,"giunti","Ignazio","Giunti","Italian","http://en.wikipedia.org/wiki/Ignazio_Giunti"
364,"gurney","Dan","Gurney","American","http://en.wikipedia.org/wiki/Dan_Gurney"
365,"hahne","Hubert","Hahne","German","http://en.wikipedia.org/wiki/Hubert_Hahne"
366,"hutchison","Gus","Hutchison","American","http://en.wikipedia.org/wiki/Gus_Hutchison"
367,"westbury","Peter","Westbury","British","http://en.wikipedia.org/wiki/Peter_Westbury"
368,"tingle","Sam","Tingle","Rhodesian","http://en.wikipedia.org/wiki/Sam_Tingle"
369,"rooyen","Basil","van Rooyen","South African","http://en.wikipedia.org/wiki/Basil_van_Rooyen"
370,"attwood","Richard","Attwood","British","http://en.wikipedia.org/wiki/Richard_Attwood"
371,"pease","Al","Pease","Canadian","http://en.wikipedia.org/wiki/Al_Pease"
372,"cordts","John","Cordts","Canadian","http://en.wikipedia.org/wiki/John_Cordts"
373,"clark","Jim","Clark","British","http://en.wikipedia.org/wiki/Jim_Clark"
374,"spence","Mike","Spence","British","http://en.wikipedia.org/wiki/Mike_Spence"
375,"scarfiotti","Ludovico","Scarfiotti","Italian","http://en.wikipedia.org/wiki/Ludovico_Scarfiotti"
376,"bianchi","Lucien","Bianchi","Belgian","http://en.wikipedia.org/wiki/Lucien_Bianchi"
377,"jo_schlesser","Jo","Schlesser","French","http://en.wikipedia.org/wiki/Jo_Schlesser"
378,"widdows","Robin","Widdows","British","http://en.wikipedia.org/wiki/Robin_Widdows"
379,"ahrens","Kurt","Ahrens","German","http://en.wikipedia.org/wiki/Kurt_Ahrens,_Jr."
380,"gardner","Frank","Gardner","Australian","http://en.wikipedia.org/wiki/Frank_Gardner_(driver)"
381,"unser","Bobby","Unser","American","http://en.wikipedia.org/wiki/Bobby_Unser"
382,"solana","Moisés","Solana","Mexican","http://en.wikipedia.org/wiki/Mois%C3%A9s_Solana"
383,"anderson","Bob","Anderson","British","http://en.wikipedia.org/wiki/Bob_Anderson_(racing_driver)"
384,"botha","Luki","Botha","South African","http://en.wikipedia.org/wiki/Luki_Botha"
385,"bandini","Lorenzo","Bandini","Italian","http://en.wikipedia.org/wiki/Lorenzo_Bandini"
386,"ginther","Richie","Ginther","American","http://en.wikipedia.org/wiki/Richie_Ginther"
387,"parkes","Mike","Parkes","British","http://en.wikipedia.org/wiki/Mike_Parkes"
388,"irwin","Chris","Irwin","British","http://en.wikipedia.org/wiki/Chris_Irwin"
389,"ligier","Guy","Ligier","French","http://en.wikipedia.org/wiki/Guy_Ligier"
390,"rees","Alan","Rees","British","http://en.wikipedia.org/wiki/Alan_Rees_(racing_driver)"
391,"hart","Brian","Hart","British","http://en.wikipedia.org/wiki/Brian_Hart"
392,"fisher","Mike","Fisher","American","http://en.wikipedia.org/wiki/Mike_Fisher_(driver)"
393,"tom_jones","Tom","Jones","American","http://en.wikipedia.org/wiki/Tom_Jones_(auto_racer)"
394,"baghetti","Giancarlo","Baghetti","Italian","http://en.wikipedia.org/wiki/Giancarlo_Baghetti"
395,"williams","Jonathan","Williams","British","http://en.wikipedia.org/wiki/Jonathan_Williams_(racing_driver)"
396,"bondurant","Bob","Bondurant","American","http://en.wikipedia.org/wiki/Bob_Bondurant"
397,"arundell","Peter","Arundell","British","http://en.wikipedia.org/wiki/Peter_Arundell"
398,"vic_wilson","Vic","Wilson","British","http://en.wikipedia.org/wiki/Vic_Wilson_(motor_racing_driver)"
399,"taylor","John","Taylor","British","http://en.wikipedia.org/wiki/John_Taylor_(racer)"
400,"lawrence","Chris","Lawrence","British","http://en.wikipedia.org/wiki/Chris_Lawrence_(racing_driver)"
401,"trevor_taylor","Trevor","Taylor","British","http://en.wikipedia.org/wiki/Trevor_Taylor"
402,"geki","Giacomo","Russo","Italian","http://en.wikipedia.org/wiki/Geki_(driver)"
403,"phil_hill","Phil","Hill","American","http://en.wikipedia.org/wiki/Phil_Hill"
404,"ireland","Innes","Ireland","British","http://en.wikipedia.org/wiki/Innes_Ireland"
405,"bucknum","Ronnie","Bucknum","American","http://en.wikipedia.org/wiki/Ronnie_Bucknum"
406,"hawkins","Paul","Hawkins","Australian","http://en.wikipedia.org/wiki/Paul_Hawkins_(racing_driver)"
407,"prophet","David","Prophet","British","http://en.wikipedia.org/wiki/David_Prophet"
408,"maggs","Tony","Maggs","South African","http://en.wikipedia.org/wiki/Tony_Maggs"
409,"blokdyk","Trevor","Blokdyk","South African","http://en.wikipedia.org/wiki/Trevor_Blokdyk"
410,"lederle","Neville","Lederle","South African","http://en.wikipedia.org/wiki/Neville_Lederle"
411,"serrurier","Doug","Serrurier","South African","http://en.wikipedia.org/wiki/Doug_Serrurier"
412,"niemann","Brausch","Niemann","South African","http://en.wikipedia.org/wiki/Brausch_Niemann"
413,"pieterse","Ernie","Pieterse","South African","http://en.wikipedia.org/wiki/Ernie_Pieterse"
414,"puzey","Clive","Puzey","Rhodesian","http://en.wikipedia.org/wiki/Clive_Puzey"
415,"reed","Ray","Reed","South African","http://en.wikipedia.org/wiki/Ray_Reed"
416,"clapham","David","Clapham","South African","http://en.wikipedia.org/wiki/David_Clapham"
417,"blignaut","Alex","Blignaut","South African","http://en.wikipedia.org/wiki/Alex_Blignaut"
418,"gregory","Masten","Gregory","American","http://en.wikipedia.org/wiki/Masten_Gregory"
419,"rhodes","John","Rhodes","British","http://en.wikipedia.org/wiki/John_Rhodes_(driver)"
420,"raby","Ian","Raby","British","http://en.wikipedia.org/wiki/Ian_Raby"
421,"rollinson","Alan","Rollinson","British","http://en.wikipedia.org/wiki/Alan_Rollinson"
422,"gubby","Brian","Gubby","British","http://en.wikipedia.org/wiki/Brian_Gubby"
423,"mitter","Gerhard","Mitter","German","http://en.wikipedia.org/wiki/Gerhard_Mitter"
424,"bussinello","Roberto","Bussinello","Italian","http://en.wikipedia.org/wiki/Roberto_Bussinello"
425,"vaccarella","Nino","Vaccarella","Italian","http://en.wikipedia.org/wiki/Nino_Vaccarella"
426,"bassi","Giorgio","Bassi","Italian","http://en.wikipedia.org/wiki/Giorgio_Bassi"
427,"trintignant","Maurice","Trintignant","French","http://en.wikipedia.org/wiki/Maurice_Trintignant"
428,"collomb","Bernard","Collomb","French","http://en.wikipedia.org/wiki/Bernard_Collomb"
429,"andre_pilette","André","Pilette","Belgian","http://en.wikipedia.org/wiki/Andr%C3%A9_Pilette"
430,"beaufort","Carel Godin","de Beaufort","Dutch","http://en.wikipedia.org/wiki/Carel_Godin_de_Beaufort"
431,"barth","Edgar","Barth","German","http://en.wikipedia.org/wiki/Edgar_Barth"
432,"cabral","Mário de Araújo","Cabral","Portuguese","http://en.wikipedia.org/wiki/Mario_de_Araujo_Cabral"
433,"hansgen","Walt","Hansgen","American","http://en.wikipedia.org/wiki/Walt_Hansgen"
434,"sharp","Hap","Sharp","American","http://en.wikipedia.org/wiki/Hap_Sharp"
435,"mairesse","Willy","Mairesse","Belgian","http://en.wikipedia.org/wiki/Willy_Mairesse"
436,"campbell-jones","John","Campbell-Jones","British","http://en.wikipedia.org/wiki/John_Campbell-Jones"
437,"burgess","Ian","Burgess","British","http://en.wikipedia.org/wiki/Ian_Burgess"
438,"settember","Tony","Settember","American","http://en.wikipedia.org/wiki/Tony_Settember"
439,"estefano","Nasif","Estéfano","Argentine","http://en.wikipedia.org/wiki/Nasif_Est%C3%A9fano"
440,"hall","Jim","Hall","American","http://en.wikipedia.org/wiki/Jim_Hall_(race_car_driver)"
441,"parnell","Tim","Parnell","British","http://en.wikipedia.org/wiki/Tim_Parnell"
442,"kuhnke","Kurt","Kuhnke","German","http://en.wikipedia.org/wiki/Kurt_Kuhnke"
443,"ernesto_brambilla","Ernesto","Brambilla","Italian","http://en.wikipedia.org/wiki/Ernesto_Brambilla"
444,"lippi","Roberto","Lippi","Italian","http://en.wikipedia.org/wiki/Roberto_Lippi"
445,"seiffert","Günther","Seiffert","German","http://en.wikipedia.org/wiki/G%C3%BCnther_Seiffert"
446,"abate","Carlo","Abate","Italian","http://en.wikipedia.org/wiki/Carlo_Mario_Abate"
447,"starrabba","Gaetano","Starrabba","Italian","http://en.wikipedia.org/wiki/Gaetano_Starrabba"
448,"broeker","Peter","Broeker","Canadian","http://en.wikipedia.org/wiki/Peter_Broeker"
449,"ward","Rodger","Ward","American","http://en.wikipedia.org/wiki/Rodger_Ward"
450,"vos","Ernie","de Vos","Dutch","http://en.wikipedia.org/wiki/Ernie_de_Vos"
451,"dochnal","Frank","Dochnal","American","http://en.wikipedia.org/wiki/Frank_Dochnal"
452,"monarch","Thomas","Monarch","American","http://en.wikipedia.org/wiki/Talk:1963_Mexican_Grand_Prix#Who_was_Thomas_Monarch.3F"
842,"gasly","Pierre","Gasly","French","http://en.wikipedia.org/wiki/Pierre_Gasly"
453,"lewis","Jackie","Lewis","British","http://en.wikipedia.org/wiki/Jackie_Lewis"
454,"ricardo_rodriguez","Ricardo","Rodríguez","Mexican","http://en.wikipedia.org/wiki/Ricardo_Rodr%C3%ADguez_(Formula_One)"
455,"seidel","Wolfgang","Seidel","German","http://en.wikipedia.org/wiki/Wolfgang_Seidel"
456,"salvadori","Roy","Salvadori","British","http://en.wikipedia.org/wiki/Roy_Salvadori"
457,"pon","Ben","Pon","Dutch","http://en.wikipedia.org/wiki/Ben_Pon"
458,"slotemaker","Rob","Slotemaker","Dutch","http://en.wikipedia.org/wiki/Rob_Slotemaker"
459,"marsh","Tony","Marsh","British","http://en.wikipedia.org/wiki/Tony_Marsh_(racing_driver)"
460,"ashmore","Gerry","Ashmore","British","http://en.wikipedia.org/wiki/Gerry_Ashmore"
461,"schiller","Heinz","Schiller","Swiss","http://en.wikipedia.org/wiki/Heinz_Schiller"
462,"davis","Colin","Davis","British","http://en.wikipedia.org/wiki/Colin_Davis_(driver)"
463,"chamberlain","Jay","Chamberlain","American","http://en.wikipedia.org/wiki/Jay_Chamberlain"
464,"shelly","Tony","Shelly","New Zealander","http://en.wikipedia.org/wiki/Tony_Shelly"
465,"greene","Keith","Greene","British","http://en.wikipedia.org/wiki/Keith_Greene"
466,"walter","Heini","Walter","Swiss","http://en.wikipedia.org/wiki/Heini_Walter"
467,"prinoth","Ernesto","Prinoth","Italian","http://en.wikipedia.org/wiki/Ernesto_Prinoth"
468,"penske","Roger","Penske","American","http://en.wikipedia.org/wiki/Roger_Penske"
469,"schroeder","Rob","Schroeder","British","http://en.wikipedia.org/wiki/Rob_Schroeder"
470,"mayer","Timmy","Mayer","American","http://en.wikipedia.org/wiki/Timmy_Mayer"
471,"johnstone","Bruce","Johnstone","South African","http://en.wikipedia.org/wiki/Bruce_Johnstone_(racing_driver)"
472,"harris","Mike","Harris","South African","http://en.wikipedia.org/wiki/Mike_Harris_(race_car_driver)"
473,"hocking","Gary","Hocking","Rhodesian","http://en.wikipedia.org/wiki/Gary_Hocking"
474,"vyver","Syd","van der Vyver","South African","http://en.wikipedia.org/wiki/Syd_van_der_Vyver"
475,"moss","Stirling","Moss","British","http://en.wikipedia.org/wiki/Stirling_Moss"
476,"trips","Wolfgang","von Trips","German","http://en.wikipedia.org/wiki/Wolfgang_Graf_Berghe_von_Trips"
477,"allison","Cliff","Allison","British","http://en.wikipedia.org/wiki/Cliff_Allison"
478,"herrmann","Hans","Herrmann","German","http://en.wikipedia.org/wiki/Hans_Herrmann"
479,"brooks","Tony","Brooks","British","http://en.wikipedia.org/wiki/Tony_Brooks"
480,"may","Michael","May","Swiss","http://en.wikipedia.org/wiki/Michael_May_(racing_driver)"
481,"henry_taylor","Henry","Taylor","British","http://en.wikipedia.org/wiki/Henry_Taylor_(racing_driver)"
482,"gendebien","Olivier","Gendebien","Belgian","http://en.wikipedia.org/wiki/Olivier_Gendebien"
483,"scarlatti","Giorgio","Scarlatti","Italian","http://en.wikipedia.org/wiki/Giorgio_Scarlatti"
484,"naylor","Brian","Naylor","British","http://en.wikipedia.org/wiki/Brian_Naylor"
485,"bordeu","Juan Manuel","Bordeu","Argentine","http://en.wikipedia.org/wiki/Juan_Manuel_Bordeu"
486,"fairman","Jack","Fairman","British","http://en.wikipedia.org/wiki/Jack_Fairman"
487,"natili","Massimo","Natili","Italian","http://en.wikipedia.org/wiki/Massimo_Natili"
488,"monteverdi","Peter","Monteverdi","Swiss","http://en.wikipedia.org/wiki/Peter_Monteverdi"
489,"pirocchi","Renato","Pirocchi","Italian","http://en.wikipedia.org/wiki/Renato_Pirocchi"
490,"duke","Geoff","Duke","British","http://en.wikipedia.org/wiki/Geoff_Duke"
491,"thiele","Alfonso","Thiele","American-Italian","http://en.wikipedia.org/wiki/Alfonso_Thiele"
492,"boffa","Menato","Boffa","Italian","http://en.wikipedia.org/wiki/Menato_Boffa"
493,"ryan","Peter","Ryan","Canadian","http://en.wikipedia.org/wiki/Peter_Ryan_(driver)"
494,"ruby","Lloyd","Ruby","American","http://en.wikipedia.org/wiki/Lloyd_Ruby"
495,"ken_miles","Ken","Miles","British","http://en.wikipedia.org/wiki/Ken_Miles"
496,"menditeguy","Carlos","Menditeguy","Argentine","http://en.wikipedia.org/wiki/Carlos_Menditeguy"
497,"larreta","Alberto Rodriguez","Larreta","Argentine","http://en.wikipedia.org/wiki/Alberto_Rodriguez_Larreta"
498,"gonzalez","José Froilán","González","Argentine","http://en.wikipedia.org/wiki/Jos%C3%A9_Froil%C3%A1n_Gonz%C3%A1lez"
499,"bonomi","Roberto","Bonomi","Argentine","http://en.wikipedia.org/wiki/Roberto_Bonomi"
500,"munaron","Gino","Munaron","Italian","http://en.wikipedia.org/wiki/Gino_Munaron"
501,"schell","Harry","Schell","American","http://en.wikipedia.org/wiki/Harry_Schell"
502,"stacey","Alan","Stacey","British","http://en.wikipedia.org/wiki/Alan_Stacey"
503,"chimeri","Ettore","Chimeri","Venezuelan","http://en.wikipedia.org/wiki/Ettore_Chimeri"
504,"creus","Antonio","Creus","Spanish","http://en.wikipedia.org/wiki/Antonio_Creus"
505,"bristow","Chris","Bristow","British","http://en.wikipedia.org/wiki/Chris_Bristow"
506,"halford","Bruce","Halford","British","http://en.wikipedia.org/wiki/Bruce_Halford"
507,"daigh","Chuck","Daigh","American","http://en.wikipedia.org/wiki/Chuck_Daigh"
508,"reventlow","Lance","Reventlow","American","http://en.wikipedia.org/wiki/Lance_Reventlow"
509,"rathmann","Jim","Rathmann","American","http://en.wikipedia.org/wiki/Jim_Rathmann"
510,"goldsmith","Paul","Goldsmith","American","http://en.wikipedia.org/wiki/Paul_Goldsmith"
511,"branson","Don","Branson","American","http://en.wikipedia.org/wiki/Don_Branson"
512,"thomson","Johnny","Thomson","American","http://en.wikipedia.org/wiki/Johnny_Thomson"
513,"johnson","Eddie","Johnson","American","http://en.wikipedia.org/wiki/Eddie_Johnson_(auto_racer)"
514,"veith","Bob","Veith","American","http://en.wikipedia.org/wiki/Bob_Veith"
515,"tingelstad","Bud","Tingelstad","American","http://en.wikipedia.org/wiki/Bud_Tingelstad"
516,"christie","Bob","Christie","American","http://en.wikipedia.org/wiki/Bob_Christie_(racing_driver)"
517,"amick","Red","Amick","American","http://en.wikipedia.org/wiki/Red_Amick"
518,"darter","Duane","Carter","American","http://en.wikipedia.org/wiki/Duane_Carter"
519,"homeier","Bill","Homeier","American","http://en.wikipedia.org/wiki/Bill_Homeier"
520,"hartley","Gene","Hartley","American","http://en.wikipedia.org/wiki/Gene_Hartley"
521,"stevenson","Chuck","Stevenson","American","http://en.wikipedia.org/wiki/Chuck_Stevenson"
522,"grim","Bobby","Grim","American","http://en.wikipedia.org/wiki/Bobby_Grim"
523,"templeman","Shorty","Templeman","American","http://en.wikipedia.org/wiki/Shorty_Templeman"
524,"hurtubise","Jim","Hurtubise","American","http://en.wikipedia.org/wiki/Jim_Hurtubise"
525,"bryan","Jimmy","Bryan","American","http://en.wikipedia.org/wiki/Jimmy_Bryan"
526,"ruttman","Troy","Ruttman","American","http://en.wikipedia.org/wiki/Troy_Ruttman"
527,"sachs","Eddie","Sachs","American","http://en.wikipedia.org/wiki/Eddie_Sachs"
528,"freeland","Don","Freeland","American","http://en.wikipedia.org/wiki/Don_Freeland"
529,"bettenhausen","Tony","Bettenhausen","American","http://en.wikipedia.org/wiki/Tony_Bettenhausen"
530,"weiler","Wayne","Weiler","American","http://en.wikipedia.org/wiki/Wayne_Weiler"
531,"foyt","Anthony","Foyt","American","http://en.wikipedia.org/wiki/A.J._Foyt"
532,"russo","Eddie","Russo","American","http://en.wikipedia.org/wiki/Eddie_Russo"
533,"boyd","Johnny","Boyd","American","http://en.wikipedia.org/wiki/Johnny_Boyd"
534,"force","Gene","Force","American","http://en.wikipedia.org/wiki/Gene_Force"
535,"mcwithey","Jim","McWithey","American","http://en.wikipedia.org/wiki/Jim_McWithey"
536,"sutton","Len","Sutton","American","http://en.wikipedia.org/wiki/Len_Sutton"
537,"dick_rathmann","Dick","Rathmann","American","http://en.wikipedia.org/wiki/Dick_Rathmann"
538,"herman","Al","Herman","American","http://en.wikipedia.org/wiki/Al_Herman"
539,"dempsey_wilson","Dempsey","Wilson","American","http://en.wikipedia.org/wiki/Dempsey_Wilson"
540,"mike_taylor","Mike","Taylor","British","http://en.wikipedia.org/wiki/Mike_Taylor_(driver)"
541,"flockhart","Ron","Flockhart","British","http://en.wikipedia.org/wiki/Ron_Flockhart_(auto_racing)"
542,"piper","David","Piper","British","http://en.wikipedia.org/wiki/David_Piper"
543,"cabianca","Giulio","Cabianca","Italian","http://en.wikipedia.org/wiki/Giulio_Cabianca"
544,"drogo","Piero","Drogo","Italian","http://en.wikipedia.org/wiki/Piero_Drogo"
545,"gamble","Fred","Gamble","American","http://en.wikipedia.org/wiki/Fred_Gamble_(racing_driver)"
546,"owen","Arthur","Owen","British","http://en.wikipedia.org/wiki/Arthur_Owen"
547,"gould","Horace","Gould","British","http://en.wikipedia.org/wiki/Horace_Gould"
548,"drake","Bob","Drake","American","http://en.wikipedia.org/wiki/Bob_Drake_(Formula_One)"
549,"bueb","Ivor","Bueb","British","http://en.wikipedia.org/wiki/Ivor_Bueb"
550,"Changy","Alain","de Changy","Belgian","http://en.wikipedia.org/wiki/Alain_de_Changy"
551,"filippis","Maria","de Filippis","Italian","http://en.wikipedia.org/wiki/Maria_Teresa_de_Filippis"
552,"lucienbonnet","Jean","Lucienbonnet","French","http://en.wikipedia.org/wiki/Jean_Lucienbonnet"
553,"testut","André","Testut","Monegasque","http://en.wikipedia.org/wiki/Andr%C3%A9_Testut"
554,"behra","Jean","Behra","French","http://en.wikipedia.org/wiki/Jean_Behra"
555,"paul_russo","Paul","Russo","American","http://en.wikipedia.org/wiki/Paul_Russo"
556,"daywalt","Jimmy","Daywalt","American","http://en.wikipedia.org/wiki/Jimmy_Daywalt"
557,"arnold","Chuck","Arnold","American","http://en.wikipedia.org/wiki/Chuck_Arnold"
558,"keller","Al","Keller","American","http://en.wikipedia.org/wiki/Al_Keller"
559,"flaherty","Pat","Flaherty","American","http://en.wikipedia.org/wiki/Pat_Flaherty_(racing_driver)"
560,"cheesbourg","Bill","Cheesbourg","American","http://en.wikipedia.org/wiki/Bill_Cheesbourg"
561,"ray_crawford","Ray","Crawford","American","http://en.wikipedia.org/wiki/Ray_Crawford"
562,"turner","Jack","Turner","American","http://en.wikipedia.org/wiki/Jack_Turner_(driver)"
563,"weyant","Chuck","Weyant","American","http://en.wikipedia.org/wiki/Chuck_Weyant"
564,"larson","Jud","Larson","American","http://en.wikipedia.org/wiki/Jud_Larson"
565,"magill","Mike","Magill","American","http://en.wikipedia.org/wiki/Mike_Magill"
566,"shelby","Carroll","Shelby","American","http://en.wikipedia.org/wiki/Carroll_Shelby"
567,"orey","Fritz","d'Orey","Brazilian","http://en.wikipedia.org/wiki/Fritz_d%27Orey"
568,"fontes","Azdrubal","Fontes","Uruguayan","http://en.wikipedia.org/wiki/Azdrubal_Fontes"
569,"ashdown","Peter","Ashdown","British","http://en.wikipedia.org/wiki/Peter_Ashdown"
570,"bill_moss","Bill","Moss","British","http://en.wikipedia.org/wiki/Bill_Moss_(racing_driver)"
571,"dennis_taylor","Dennis","Taylor","British","http://en.wikipedia.org/wiki/Dennis_Taylor_(racing_driver)"
572,"blanchard","Harry","Blanchard","American","http://en.wikipedia.org/wiki/Harry_Blanchard"
573,"tomaso","Alessandro","de Tomaso","Argentine-Italian","http://en.wikipedia.org/wiki/Alessandro_de_Tomaso"
574,"constantine","George","Constantine","American","http://en.wikipedia.org/wiki/George_Constantine"
575,"said","Bob","Said","American","http://en.wikipedia.org/wiki/Bob_Said"
576,"cade","Phil","Cade","American","http://en.wikipedia.org/wiki/Phil_Cade"
577,"musso","Luigi","Musso","Italian","http://en.wikipedia.org/wiki/Luigi_Musso"
578,"hawthorn","Mike","Hawthorn","British","http://en.wikipedia.org/wiki/Mike_Hawthorn"
579,"fangio","Juan","Fangio","Argentine","http://en.wikipedia.org/wiki/Juan_Manuel_Fangio"
580,"godia","Paco","Godia","Spanish","http://en.wikipedia.org/wiki/Paco_Godia"
581,"collins","Peter","Collins","British","http://en.wikipedia.org/wiki/Peter_Collins_(racing_driver)"
582,"kavanagh","Ken","Kavanagh","Australian","http://en.wikipedia.org/wiki/Ken_Kavanagh"
583,"gerini","Gerino","Gerini","Italian","http://en.wikipedia.org/wiki/Gerino_Gerini_(racing_driver)"
584,"kessler","Bruce","Kessler","American","http://en.wikipedia.org/wiki/Bruce_Kessler"
585,"emery","Paul","Emery","British","http://en.wikipedia.org/wiki/Paul_Emery"
586,"piotti","Luigi","Piotti","Italian","http://en.wikipedia.org/wiki/Luigi_Piotti"
587,"ecclestone","Bernie","Ecclestone","British","http://en.wikipedia.org/wiki/Bernie_Ecclestone"
588,"taramazzo","Luigi","Taramazzo","Italian","http://en.wikipedia.org/wiki/Luigi_Taramazzo"
589,"chiron","Louis","Chiron","Monegasque","http://en.wikipedia.org/wiki/Louis_Chiron"
590,"lewis-evans","Stuart","Lewis-Evans","British","http://en.wikipedia.org/wiki/Stuart_Lewis-Evans"
591,"george_amick","George","Amick","American","http://en.wikipedia.org/wiki/George_Amick"
592,"reece","Jimmy","Reece","American","http://en.wikipedia.org/wiki/Jimmy_Reece"
593,"parsons","Johnnie","Parsons","American","http://en.wikipedia.org/wiki/Johnnie_Parsons"
594,"tolan","Johnnie","Tolan","American","http://en.wikipedia.org/wiki/Johnnie_Tolan"
595,"garrett","Billy","Garrett","American","http://en.wikipedia.org/wiki/Billy_Garrett"
596,"elisian","Ed","Elisian","American","http://en.wikipedia.org/wiki/Ed_Elisian"
597,"connor","Pat","O'Connor","American","http://en.wikipedia.org/wiki/Pat_O%27Connor_(auto_racer)"
598,"jerry_unser","Jerry","Unser","American","http://en.wikipedia.org/wiki/Jerry_Unser"
599,"bisch","Art","Bisch","American","http://en.wikipedia.org/wiki/Art_Bisch"
600,"goethals","Christian","Goethals","Belgian","http://en.wikipedia.org/wiki/Christian_Goethals"
601,"gibson","Dick","Gibson","British","http://en.wikipedia.org/wiki/Dick_Gibson"
602,"la_caze","Robert","La Caze","French","http://en.wikipedia.org/wiki/Robert_La_Caze"
603,"guelfi","André","Guelfi","French","http://en.wikipedia.org/wiki/Andr%C3%A9_Guelfi"
604,"picard","François","Picard","French","http://en.wikipedia.org/wiki/Fran%C3%A7ois_Picard"
605,"bridger","Tom","Bridger","British","http://en.wikipedia.org/wiki/Tom_Bridger"
606,"portago","Alfonso","de Portago","Spanish","http://en.wikipedia.org/wiki/Alfonso_de_Portago"
607,"perdisa","Cesare","Perdisa","Italian","http://en.wikipedia.org/wiki/Cesare_Perdisa"
608,"castellotti","Eugenio","Castellotti","Italian","http://en.wikipedia.org/wiki/Eugenio_Castellotti"
609,"simon","André","Simon","French","http://en.wikipedia.org/wiki/Andr%C3%A9_Simon_(racing_driver)"
610,"leston","Les","Leston","British","http://en.wikipedia.org/wiki/Les_Leston"
611,"hanks","Sam","Hanks","American","http://en.wikipedia.org/wiki/Sam_Hanks"
612,"linden","Andy","Linden","American","http://en.wikipedia.org/wiki/Andy_Linden_(racing_driver)"
613,"teague","Marshall","Teague","American","http://en.wikipedia.org/wiki/Marshall_Teague_(racing_driver)"
614,"edmunds","Don","Edmunds","American","http://en.wikipedia.org/wiki/Don_Edmunds"
615,"agabashian","Fred","Agabashian","American","http://en.wikipedia.org/wiki/Fred_Agabashian"
616,"george","Elmer","George","American","http://en.wikipedia.org/wiki/Elmer_George"
617,"macdowel","Mike","MacDowel","British","http://en.wikipedia.org/wiki/Mike_MacDowel"
618,"mackay-fraser","Herbert","MacKay-Fraser","American","http://en.wikipedia.org/wiki/Herbert_MacKay-Fraser"
619,"gerard","Bob","Gerard","British","http://en.wikipedia.org/wiki/Bob_Gerard"
620,"maglioli","Umberto","Maglioli","Italian","http://en.wikipedia.org/wiki/Umberto_Maglioli"
621,"england","Paul","England","Australian","http://en.wikipedia.org/wiki/Paul_England"
622,"landi","Chico","Landi","Brazilian","http://en.wikipedia.org/wiki/Chico_Landi"
623,"uria","Alberto","Uria","Uruguayan","http://en.wikipedia.org/wiki/Alberto_Uria"
624,"ramos","Hernando","da Silva Ramos","Brazilian","http://en.wikipedia.org/wiki/Hernando_da_Silva_Ramos"
625,"bayol","Élie","Bayol","French","http://en.wikipedia.org/wiki/%C3%89lie_Bayol"
626,"manzon","Robert","Manzon","French","http://en.wikipedia.org/wiki/Robert_Manzon"
627,"rosier","Louis","Rosier","French","http://en.wikipedia.org/wiki/Louis_Rosier"
628,"sweikert","Bob","Sweikert","American","http://en.wikipedia.org/wiki/Bob_Sweikert"
629,"griffith","Cliff","Griffith","American","http://en.wikipedia.org/wiki/Cliff_Griffith"
630,"dinsmore","Duke","Dinsmore","American","http://en.wikipedia.org/wiki/Duke_Dinsmore"
631,"andrews","Keith","Andrews","American","http://en.wikipedia.org/wiki/Keith_Andrews_(driver)"
632,"frere","Paul","Frère","Belgian","http://en.wikipedia.org/wiki/Paul_Fr%C3%A8re"
633,"villoresi","Luigi","Villoresi","Italian","http://en.wikipedia.org/wiki/Luigi_Villoresi"
634,"scotti","Piero","Scotti","Italian","http://en.wikipedia.org/wiki/Piero_Scotti"
635,"chapman","Colin","Chapman","British","http://en.wikipedia.org/wiki/Colin_Chapman"
636,"titterington","Desmond","Titterington","British","http://en.wikipedia.org/wiki/Desmond_Titterington"
637,"scott_Brown","Archie","Scott Brown","British","http://en.wikipedia.org/wiki/Archie_Scott_Brown"
638,"volonterio","Ottorino","Volonterio","Swiss","http://en.wikipedia.org/wiki/Ottorino_Volonterio"
639,"milhoux","André","Milhoux","Belgian","http://en.wikipedia.org/wiki/Andr%C3%A9_Milhoux"
640,"graffenried","Toulo","de Graffenried","Swiss","http://en.wikipedia.org/wiki/Toulo_de_Graffenried"
641,"taruffi","Piero","Taruffi","Italian","http://en.wikipedia.org/wiki/Piero_Taruffi"
642,"farina","Nino","Farina","Italian","http://en.wikipedia.org/wiki/Nino_Farina"
643,"mieres","Roberto","Mieres","Argentine","http://en.wikipedia.org/wiki/Roberto_Mieres"
644,"mantovani","Sergio","Mantovani","Italian","http://en.wikipedia.org/wiki/Sergio_Mantovani"
645,"bucci","Clemar","Bucci","Argentine","http://en.wikipedia.org/wiki/Clemar_Bucci"
646,"iglesias","Jesús","Iglesias","Argentine","http://en.wikipedia.org/wiki/Jes%C3%BAs_Iglesias"
647,"ascari","Alberto","Ascari","Italian","http://en.wikipedia.org/wiki/Alberto_Ascari"
648,"kling","Karl","Kling","German","http://en.wikipedia.org/wiki/Karl_Kling"
649,"birger","Pablo","Birger","Argentine","http://en.wikipedia.org/wiki/Pablo_Birger"
650,"pollet","Jacques","Pollet","French","http://en.wikipedia.org/wiki/Jacques_Pollet"
651,"macklin","Lance","Macklin","British","http://en.wikipedia.org/wiki/Lance_Macklin"
652,"whiteaway","Ted","Whiteaway","British","http://en.wikipedia.org/wiki/Ted_Whiteaway"
653,"davies","Jimmy","Davies","American","http://en.wikipedia.org/wiki/Jimmy_Davies"
654,"faulkner","Walt","Faulkner","American","http://en.wikipedia.org/wiki/Walt_Faulkner"
655,"niday","Cal","Niday","American","http://en.wikipedia.org/wiki/Cal_Niday"
656,"cross","Art","Cross","American","http://en.wikipedia.org/wiki/Art_Cross"
657,"vukovich","Bill","Vukovich","American","http://en.wikipedia.org/wiki/Bill_Vukovich"
658,"mcgrath","Jack","McGrath","American","http://en.wikipedia.org/wiki/Jack_McGrath_(racing_driver)"
659,"hoyt","Jerry","Hoyt","American","http://en.wikipedia.org/wiki/Jerry_Hoyt"
660,"claes","Johnny","Claes","Belgian","http://en.wikipedia.org/wiki/Johnny_Claes"
661,"peter_walker","Peter","Walker","British","http://en.wikipedia.org/wiki/Peter_Walker_(driver)"
662,"sparken","Mike","Sparken","French","http://en.wikipedia.org/wiki/Mike_Sparken"
663,"wharton","Ken","Wharton","British","http://en.wikipedia.org/wiki/Ken_Wharton"
664,"mcalpine","Kenneth","McAlpine","British","http://en.wikipedia.org/wiki/Kenneth_McAlpine"
665,"marr","Leslie","Marr","British","http://en.wikipedia.org/wiki/Leslie_Marr"
666,"rolt","Tony","Rolt","British","http://en.wikipedia.org/wiki/Tony_Rolt"
667,"fitch","John","Fitch","American","http://en.wikipedia.org/wiki/John_Fitch_(driver)"
668,"lucas","Jean","Lucas","French","http://en.wikipedia.org/wiki/Jean_Lucas"
669,"bira","Prince","Bira","Thai","http://en.wikipedia.org/wiki/Prince_Bira"
670,"marimon","Onofre","Marimón","Argentine","http://en.wikipedia.org/wiki/Onofre_Marim%C3%B3n"
671,"loyer","Roger","Loyer","French","http://en.wikipedia.org/wiki/Roger_Loyer"
672,"daponte","Jorge","Daponte","Argentine","http://en.wikipedia.org/wiki/Jorge_Daponte"
673,"nazaruk","Mike","Nazaruk","American","http://en.wikipedia.org/wiki/Mike_Nazaruk"
674,"crockett","Larry","Crockett","American","http://en.wikipedia.org/wiki/Larry_Crockett"
675,"ayulo","Manny","Ayulo","American","http://en.wikipedia.org/wiki/Manny_Ayulo"
676,"armi","Frank","Armi","American","http://en.wikipedia.org/wiki/Frank_Armi"
677,"webb","Travis","Webb","American","http://en.wikipedia.org/wiki/Travis_Webb"
678,"duncan","Len","Duncan","American","http://en.wikipedia.org/wiki/Len_Duncan"
679,"mccoy","Ernie","McCoy","American","http://en.wikipedia.org/wiki/Ernie_McCoy"
680,"swaters","Jacques","Swaters","American","http://en.wikipedia.org/wiki/Jacques_Swaters"
681,"georges_berger","Georges","Berger","Belgian","http://en.wikipedia.org/wiki/Georges_Berger"
682,"beauman","Don","Beauman","British","http://en.wikipedia.org/wiki/Don_Beauman"
683,"thorne","Leslie","Thorne","British","http://en.wikipedia.org/wiki/Leslie_Thorne"
684,"whitehouse","Bill","Whitehouse","British","http://en.wikipedia.org/wiki/Bill_Whitehouse"
685,"riseley_prichard","John","Riseley-Prichard","British","http://en.wikipedia.org/wiki/John_Riseley-Prichard"
686,"reg_parnell","Reg","Parnell","British","http://en.wikipedia.org/wiki/Reg_Parnell"
687,"whitehead","Peter","Whitehead","British","http://en.wikipedia.org/wiki/Peter_Whitehead_(racing_driver)"
688,"brandon","Eric","Brandon","British","http://en.wikipedia.org/wiki/Eric_Brandon"
689,"alan_brown","Alan","Brown","British","http://en.wikipedia.org/wiki/Alan_Brown_(racing_driver)"
690,"nuckey","Rodney","Nuckey","British","http://en.wikipedia.org/wiki/Rodney_Nuckey"
691,"lang","Hermann","Lang","German","http://en.wikipedia.org/wiki/Hermann_Lang"
692,"helfrich","Theo","Helfrich","German","http://en.wikipedia.org/wiki/Theo_Helfrich"
693,"wacker","Fred","Wacker","American","http://en.wikipedia.org/wiki/Fred_Wacker"
694,"riu","Giovanni","de Riu","Italian","http://en.wikipedia.org/wiki/Giovanni_de_Riu"
695,"galvez","Oscar","Gálvez","Argentine","http://en.wikipedia.org/wiki/%C3%93scar_Alfredo_G%C3%A1lvez"
696,"john_barber","John","Barber","British","http://en.wikipedia.org/wiki/John_Barber_(racing_driver)"
697,"bonetto","Felice","Bonetto","Italian","http://en.wikipedia.org/wiki/Felice_Bonetto"
698,"cruz","Adolfo","Cruz","Argentine","http://en.wikipedia.org/wiki/Adolfo_Schewelm_Cruz"
699,"nalon","Duke","Nalon","American","http://en.wikipedia.org/wiki/Duke_Nalon"
700,"scarborough","Carl","Scarborough","American","http://en.wikipedia.org/wiki/Carl_Scarborough"
701,"holland","Bill","Holland","American","http://en.wikipedia.org/wiki/Bill_Holland"
702,"bob_scott","Bob","Scott","American","http://en.wikipedia.org/wiki/Bob_Scott_(auto_racer)"
703,"legat","Arthur","Legat","Belgian","http://en.wikipedia.org/wiki/Arthur_Legat"
704,"cabantous","Yves","Cabantous","French","http://en.wikipedia.org/wiki/Yves_Giraud_Cabantous"
705,"crook","Tony","Crook","British","http://en.wikipedia.org/wiki/Tony_Crook"
706,"jimmy_stewart","Jimmy","Stewart","British","http://en.wikipedia.org/wiki/Jimmy_Stewart_(racing_driver)"
707,"ian_stewart","Ian","Stewart","British","http://en.wikipedia.org/wiki/Ian_Stewart_(racing_driver)"
708,"duncan_hamilton","Duncan","Hamilton","British","http://en.wikipedia.org/wiki/Duncan_Hamilton_(racing_driver)"
709,"klodwig","Ernst","Klodwig","East German","http://en.wikipedia.org/wiki/Ernst_Klodwig"
710,"krause","Rudolf","Krause","East German","http://en.wikipedia.org/wiki/Rudolf_Krause"
711,"karch","Oswald","Karch","German","http://en.wikipedia.org/wiki/Oswald_Karch"
712,"heeks","Willi","Heeks","German","http://en.wikipedia.org/wiki/Willi_Heeks"
713,"fitzau","Theo","Fitzau","East German","http://en.wikipedia.org/wiki/Theo_Fitzau"
714,"adolff","Kurt","Adolff","German","http://en.wikipedia.org/wiki/Kurt_Adolff"
715,"bechem","Günther","Bechem","German","http://en.wikipedia.org/wiki/G%C3%BCnther_Bechem"
716,"bauer","Erwin","Bauer","German","http://en.wikipedia.org/wiki/Erwin_Bauer"
717,"hans_stuck","Hans","von Stuck","German","http://en.wikipedia.org/wiki/Hans_Von_Stuck"
718,"loof","Ernst","Loof","German","http://en.wikipedia.org/wiki/Ernst_Loof"
719,"scherrer","Albert","Scherrer","Swiss","http://en.wikipedia.org/wiki/Albert_Scherrer"
720,"terra","Max","de Terra","Swiss","http://en.wikipedia.org/wiki/Max_de_Terra"
721,"hirt","Peter","Hirt","Swiss","http://en.wikipedia.org/wiki/Peter_Hirt"
722,"carini","Piero","Carini","Italian","http://en.wikipedia.org/wiki/Piero_Carini"
723,"fischer","Rudi","Fischer","Swiss","http://en.wikipedia.org/wiki/Rudi_Fischer"
724,"ulmen","Toni","Ulmen","German","http://en.wikipedia.org/wiki/Toni_Ulmen"
725,"abecassis","George","Abecassis","British","http://en.wikipedia.org/wiki/George_Abecassis"
726,"george_connor","George","Connor","American","http://en.wikipedia.org/wiki/George_Connor_(driver)"
727,"rigsby","Jim","Rigsby","American","http://en.wikipedia.org/wiki/Jim_Rigsby"
728,"james","Joe","James","American","http://en.wikipedia.org/wiki/Joe_James_(racing_driver)"
729,"schindler","Bill","Schindler","American","http://en.wikipedia.org/wiki/Bill_Schindler"
730,"fonder","George","Fonder","American","http://en.wikipedia.org/wiki/George_Fonder"
731,"banks","Henry","Banks","American","http://en.wikipedia.org/wiki/Henry_Banks"
732,"mcdowell","Johnny","McDowell","American","http://en.wikipedia.org/wiki/Johnny_McDowell"
733,"miller","Chet","Miller","American","http://en.wikipedia.org/wiki/Chet_Miller"
734,"ball","Bobby","Ball","American","http://en.wikipedia.org/wiki/Bobby_Ball_(auto_racer)"
735,"tornaco","Charles","de Tornaco","Belgian","http://en.wikipedia.org/wiki/Charles_de_Tornaco"
736,"laurent","Roger","Laurent","Belgian","http://en.wikipedia.org/wiki/Roger_Laurent"
737,"obrien","Robert","O'Brien","American","http://en.wikipedia.org/wiki/Robert_O%27Brien_(auto_racer)"
738,"gaze","Tony","Gaze","Australian","http://en.wikipedia.org/wiki/Tony_Gaze"
739,"charrington","Robin","Montgomerie-Charrington","British","http://en.wikipedia.org/wiki/Robin_Montgomerie-Charrington"
740,"comotti","Franco","Comotti","Italian","http://en.wikipedia.org/wiki/Franco_Comotti"
741,"etancelin","Philippe","Étancelin","French","http://en.wikipedia.org/wiki/Philippe_%C3%89tancelin"
742,"poore","Dennis","Poore","British","http://en.wikipedia.org/wiki/Dennis_Poore"
743,"thompson","Eric","Thompson","British","http://en.wikipedia.org/wiki/Eric_Thompson_(racing_driver)"
744,"downing","Ken","Downing","British","http://en.wikipedia.org/wiki/Ken_Downing"
745,"graham_whitehead","Graham","Whitehead","British","http://en.wikipedia.org/wiki/Graham_Whitehead"
746,"bianco","Gino","Bianco","Brazilian","http://en.wikipedia.org/wiki/Gino_Bianco"
747,"murray","David","Murray","British","http://en.wikipedia.org/wiki/David_Murray_(driver)"
748,"cantoni","Eitel","Cantoni","Uruguayan","http://en.wikipedia.org/wiki/Eitel_Cantoni"
749,"aston","Bill","Aston","British","http://en.wikipedia.org/wiki/Bill_Aston"
750,"brudes","Adolf","Brudes","German","http://en.wikipedia.org/wiki/Adolf_Brudes"
751,"riess","Fritz","Riess","German","http://en.wikipedia.org/wiki/Fritz_Riess"
752,"niedermayr","Helmut","Niedermayr","German","http://en.wikipedia.org/wiki/Helmut_Niedermayr"
753,"klenk","Hans","Klenk","German","http://en.wikipedia.org/wiki/Hans_Klenk"
754,"balsa","Marcel","Balsa","French","http://en.wikipedia.org/wiki/Marcel_Balsa"
755,"schoeller","Rudolf","Schoeller","Swiss","http://en.wikipedia.org/wiki/Rudolf_Schoeller"
756,"pietsch","Paul","Pietsch","German","http://en.wikipedia.org/wiki/Paul_Pietsch"
757,"peters","Josef","Peters","German","http://en.wikipedia.org/wiki/Josef_Peters_(driver)"
758,"lof","Dries","van der Lof","Dutch","http://en.wikipedia.org/wiki/Dries_van_der_Lof"
759,"flinterman","Jan","Flinterman","Dutch","http://en.wikipedia.org/wiki/Jan_Flinterman"
760,"dusio","Piero","Dusio","Italian","http://en.wikipedia.org/wiki/Piero_Dusio"
761,"crespo","Alberto","Crespo","Argentine","http://en.wikipedia.org/wiki/Alberto_Crespo"
762,"rol","Franco","Rol","Italian","http://en.wikipedia.org/wiki/Franco_Rol"
763,"sanesi","Consalvo","Sanesi","Italian","http://en.wikipedia.org/wiki/Consalvo_Sanesi"
764,"guy_mairesse","Guy","Mairesse","French","http://en.wikipedia.org/wiki/Guy_Mairesse"
765,"louveau","Henri","Louveau","French","http://en.wikipedia.org/wiki/Henri_Louveau"
766,"wallard","Lee","Wallard","American","http://en.wikipedia.org/wiki/Lee_Wallard"
767,"forberg","Carl","Forberg","American","http://en.wikipedia.org/wiki/Carl_Forberg"
768,"rose","Mauri","Rose","American","http://en.wikipedia.org/wiki/Mauri_Rose"
769,"mackey","Bill","Mackey","American","http://en.wikipedia.org/wiki/Bill_Mackey"
770,"green","Cecil","Green","American","http://en.wikipedia.org/wiki/Cecil_Green"
771,"walt_brown","Walt","Brown","American","http://en.wikipedia.org/wiki/Walt_Brown_(auto_racer)"
772,"hellings","Mack","Hellings","American","http://en.wikipedia.org/wiki/Mack_Hellings"
773,"levegh","Pierre","Levegh","French","http://en.wikipedia.org/wiki/Pierre_Levegh"
774,"chaboud","Eugène","Chaboud","French","http://en.wikipedia.org/wiki/Eug%C3%A8ne_Chaboud"
775,"gordini","Aldo","Gordini","French","http://en.wikipedia.org/wiki/Aldo_Gordini"
776,"kelly","Joe","Kelly","Irish","http://en.wikipedia.org/wiki/Joe_Kelly_(Formula_One)"
777,"parker","Philip","Fotheringham-Parker","British","http://en.wikipedia.org/wiki/Philip_Fotheringham-Parker"
778,"shawe_taylor","Brian","Shawe Taylor","British","http://en.wikipedia.org/wiki/Brian_Shawe_Taylor"
779,"john_james","John","James","British","http://en.wikipedia.org/wiki/John_James_(auto_racer)"
780,"branca","Toni","Branca","Swiss","http://en.wikipedia.org/wiki/Toni_Branca"
781,"richardson","Ken","Richardson","British","http://en.wikipedia.org/wiki/Ken_Richardson_(race_car_driver)"
782,"jover","Juan","Jover","Spanish","http://en.wikipedia.org/wiki/Juan_Jover"
783,"grignard","Georges","Grignard","French","http://en.wikipedia.org/wiki/Georges_Grignard"
784,"hampshire","David","Hampshire","British","http://en.wikipedia.org/wiki/David_Hampshire"
785,"crossley","Geoff","Crossley","British","http://en.wikipedia.org/wiki/Geoff_Crossley"
786,"fagioli","Luigi","Fagioli","Italian","http://en.wikipedia.org/wiki/Luigi_Fagioli"
787,"harrison","Cuth","Harrison","British","http://en.wikipedia.org/wiki/Cuth_Harrison"
788,"fry","Joe","Fry","British","http://en.wikipedia.org/wiki/Joe_Fry"
789,"martin","Eugène","Martin","French","http://en.wikipedia.org/wiki/Eug%C3%A8ne_Martin"
790,"leslie_johnson","Leslie","Johnson","British","http://en.wikipedia.org/wiki/Leslie_Johnson_(racing_driver)"
791,"biondetti","Clemente","Biondetti","Italian","http://en.wikipedia.org/wiki/Clemente_Biondetti"
792,"pian","Alfredo","Pián","Argentine","http://en.wikipedia.org/wiki/Alfredo_Pi%C3%A0n"
793,"sommer","Raymond","Sommer","French","http://en.wikipedia.org/wiki/Raymond_Sommer"
794,"chitwood","Joie","Chitwood","American","http://en.wikipedia.org/wiki/Joie_Chitwood"
795,"fohr","Myron","Fohr","American","http://en.wikipedia.org/wiki/Myron_Fohr"
796,"ader","Walt","Ader","American","http://en.wikipedia.org/wiki/Walt_Ader"
797,"holmes","Jackie","Holmes","American","http://en.wikipedia.org/wiki/Jackie_Holmes"
798,"levrett","Bayliss","Levrett","American","http://en.wikipedia.org/wiki/Bayliss_Levrett"
799,"jackson","Jimmy","Jackson","American","http://en.wikipedia.org/wiki/Jimmy_Jackson_(driver)"
800,"pagani","Nello","Pagani","Italian","http://en.wikipedia.org/wiki/Nello_Pagani"
801,"pozzi","Charles","Pozzi","French","http://en.wikipedia.org/wiki/Charles_Pozzi"
802,"serafini","Dorino","Serafini","Italian","http://en.wikipedia.org/wiki/Dorino_Serafini"
803,"cantrell","Bill","Cantrell","American","http://en.wikipedia.org/wiki/William_Cantrell"
804,"mantz","Johnny","Mantz","American","http://en.wikipedia.org/wiki/Johnny_Mantz"
805,"kladis","Danny","Kladis","American","http://en.wikipedia.org/wiki/Danny_Kladis"
806,"oscar_gonzalez","Óscar","González","Uruguayan","http://en.wikipedia.org/wiki/Oscar_Gonz%C3%A1lez_(racing_driver)"
807,"hulkenberg","Nico","Hülkenberg","German","http://en.wikipedia.org/wiki/Nico_H%C3%BClkenberg"
808,"petrov","Vitaly","Petrov","Russian","http://en.wikipedia.org/wiki/Vitaly_Petrov"
810,"grassi","Lucas","di Grassi","Brazilian","http://en.wikipedia.org/wiki/Lucas_di_Grassi"
811,"bruno_senna","Bruno","Senna","Brazilian","http://en.wikipedia.org/wiki/Bruno_Senna"
812,"chandhok","Karun","Chandhok","Indian","http://en.wikipedia.org/wiki/Karun_Chandhok"
813,"maldonado","Pastor","Maldonado","Venezuelan","http://en.wikipedia.org/wiki/Pastor_Maldonado"
814,"resta","Paul","di Resta","British","http://en.wikipedia.org/wiki/Paul_di_Resta"
815,"perez","Sergio","Pérez","Mexican","http://en.wikipedia.org/wiki/Sergio_P%C3%A9rez"
816,"ambrosio","Jérôme","d'Ambrosio","Belgian","http://en.wikipedia.org/wiki/J%C3%A9r%C3%B4me_d%27Ambrosio"
817,"ricciardo","Daniel","Ricciardo","Australian","http://en.wikipedia.org/wiki/Daniel_Ricciardo"
818,"vergne","Jean-Éric","Vergne","French","http://en.wikipedia.org/wiki/Jean-%C3%89ric_Vergne"
819,"pic","Charles","Pic","French","http://en.wikipedia.org/wiki/Charles_Pic"
820,"chilton","Max","Chilton","British","http://en.wikipedia.org/wiki/Max_Chilton"
821,"gutierrez","Esteban","Gutiérrez","Mexican","http://en.wikipedia.org/wiki/Esteban_Guti%C3%A9rrez"
822,"bottas","Valtteri","Bottas","Finnish","http://en.wikipedia.org/wiki/Valtteri_Bottas"
823,"garde","Giedo","van der Garde","Dutch","http://en.wikipedia.org/wiki/Giedo_van_der_Garde"
824,"jules_bianchi","Jules","Bianchi","French","http://en.wikipedia.org/wiki/Jules_Bianchi"
825,"kevin_magnussen","Kevin","Magnussen","Danish","http://en.wikipedia.org/wiki/Kevin_Magnussen"
826,"kvyat","Daniil","Kvyat","Russian","http://en.wikipedia.org/wiki/Daniil_Kvyat"
827,"lotterer","André","Lotterer","German","http://en.wikipedia.org/wiki/Andr%C3%A9_Lotterer"
828,"ericsson","Marcus","Ericsson","Swedish","http://en.wikipedia.org/wiki/Marcus_Ericsson"
829,"stevens","Will","Stevens","British","http://en.wikipedia.org/wiki/Will_Stevens"
830,"max_verstappen","Max","Verstappen","Dutch","http://en.wikipedia.org/wiki/Max_Verstappen"
831,"nasr","Felipe","Nasr","Brazilian","http://en.wikipedia.org/wiki/Felipe_Nasr"
832,"sainz","Carlos","Sainz","Spanish","http://en.wikipedia.org/wiki/Carlos_Sainz_Jr."
833,"merhi","Roberto","Merhi","Spanish","http://en.wikipedia.org/wiki/Roberto_Merhi"
834,"rossi","Alexander","Rossi","American","http://en.wikipedia.org/wiki/Alexander_Rossi_%28racing_driver%29"
835,"jolyon_palmer","Jolyon","Palmer","British","http://en.wikipedia.org/wiki/Jolyon_Palmer"
836,"wehrlein","Pascal","Wehrlein","German","http://en.wikipedia.org/wiki/Pascal_Wehrlein"
837,"haryanto","Rio","Haryanto","Indonesian","http://en.wikipedia.org/wiki/Rio_Haryanto"
838,"vandoorne","Stoffel","Vandoorne","Belgian","http://en.wikipedia.org/wiki/Stoffel_Vandoorne"
839,"ocon","Esteban","Ocon","French","http://en.wikipedia.org/wiki/Esteban_Ocon"
840,"stroll","Lance","Stroll","Canadian","http://en.wikipedia.org/wiki/Lance_Stroll"
841,"giovinazzi","Antonio","Giovinazzi","Italian","http://en.wikipedia.org/wiki/Antonio_Giovinazzi"
843,"brendon_hartley","Brendon","Hartley","New Zealander","http://en.wikipedia.org/wiki/Brendon_Hartley"
844,"leclerc","Charles","Leclerc","Monegasque","http://en.wikipedia.org/wiki/Charles_Leclerc"
845,"sirotkin","Sergey","Sirotkin","Russian","http://en.wikipedia.org/wiki/Sergey_Sirotkin_(racing_driver)"
846,"norris","Lando","Norris","British","http://en.wikipedia.org/wiki/Lando_Norris"
847,"russell","George","Russell","British","http://en.wikipedia.org/wiki/George_Russell_(racing_driver)"
848,"albon","Alexander","Albon","Thai","http://en.wikipedia.org/wiki/Alexander_Albon"
849,"latifi","Nicholas","Latifi","Canadian","http://en.wikipedia.org/wiki/Nicholas_Latifi"
850,"pietro_fittipaldi","Pietro","Fittipaldi","Brazilian","http://en.wikipedia.org/wiki/Pietro_Fittipaldi"
851,"aitken","Jack","Aitken","British","http://en.wikipedia.org/wiki/Jack_Aitken"
852,"tsunoda","Yuki","Tsunoda","Japanese","http://en.wikipedia.org/wiki/Yuki_Tsunoda"
853,"mazepin","Nikita","Mazepin","Russian","http://en.wikipedia.org/wiki/Nikita_Mazepin"
854,"mick_schumacher","Mick","Schumacher","German","http://en.wikipedia.org/wiki/Mick_Schumacher"
855,"zhou","Guanyu","Zhou","Chinese","http://en.wikipedia.org/wiki/Zhou_Guanyu"
856,"de_vries","Nyck","de Vries","Dutch","http://en.wikipedia.org/wiki/Nyck_de_Vries"
857,"piastri","Oscar","Piastri","Australian","http://en.wikipedia.org/wiki/Oscar_Piastri"
858,"sargeant","Logan","Sargeant","American","http://en.wikipedia.org/wiki/Logan_Sargeant"
